[
    {
        "name": "process_array",
        "file": "src/num_conversion.c",
        "line": "16",
        "called_functions": [
            "factorial",
            "fibonacci",
            "global_var",
            "process_array",
            "reverse_string",
            "var"
        ]
    },
    {
        "name": "factorial",
        "file": "src/num_conversion.c",
        "line": "42",
        "called_functions": [
            "factorial",
            "global_var",
            "var"
        ]
    },
    {
        "name": "fibonacci",
        "file": "src/num_conversion.c",
        "line": "51",
        "called_functions": [
            "fibonacci",
            "global_var"
        ]
    },
    {
        "name": "reverse_string",
        "file": "src/num_conversion.c",
        "line": "58",
        "called_functions": []
    },
    {
        "name": "perform_calculations",
        "file": "src/num_conversion.c",
        "line": "71",
        "called_functions": [
            "factorial",
            "fibonacci",
            "process_array",
            "reverse_string"
        ]
    },
    {
        "name": "main",
        "file": "src/num_conversion.c",
        "line": "10",
        "called_functions": [
            "perform_calculations"
        ]
    },
    {
        "name": "rollDie",
        "file": "src/snake_ladder.c",
        "line": "6",
        "called_functions": []
    },
    {
        "name": "printBoard",
        "file": "src/snake_ladder.c",
        "line": "12",
        "called_functions": [
            "player1",
            "player2"
        ]
    },
    {
        "name": "movePlayer",
        "file": "src/snake_ladder.c",
        "line": "68",
        "called_functions": []
    },
    {
        "name": "main",
        "file": "src/snake_ladder.c",
        "line": "100",
        "called_functions": [
            "movePlayer",
            "player1",
            "player2",
            "printBoard",
            "rollDie"
        ]
    }
]