<?xml version='1.0' encoding='UTF-8' standalone='no'?>
<doxygenindex xmlns:xsi="http://www.w3.org/2001/XMLSchema-instance" xsi:noNamespaceSchemaLocation="index.xsd" version="1.11.0" xml:lang="en-US">
  <compound refid="num__conversion_8c" kind="file"><name>num_conversion.c</name>
    <member refid="num__conversion_8c_1a96c77f9f3a7baec84b9b8add26a31787" kind="variable"><name>var</name></member>
    <member refid="num__conversion_8c_1a9211899aa9882cc0ed5fe7926921a294" kind="variable"><name>global_var</name></member>
    <member refid="num__conversion_8c_1a90cc493d0a2d314a6dab34b1291719b0" kind="function"><name>process_array</name></member>
    <member refid="num__conversion_8c_1ae1b37c26bb8e5744f5747d6cd6505356" kind="function"><name>factorial</name></member>
    <member refid="num__conversion_8c_1a9dbc4d0e3c5e97b137283f4a8803facd" kind="function"><name>fibonacci</name></member>
    <member refid="num__conversion_8c_1ac0c1c8b3324f8321a3972e0b0b95d4bf" kind="function"><name>reverse_string</name></member>
    <member refid="num__conversion_8c_1a75da7debf2c800c1a5f8fc4d0d11fc1b" kind="function"><name>perform_calculations</name></member>
    <member refid="num__conversion_8c_1ae66f6b31b5ad750f1fe042a706a4e3d4" kind="function"><name>main</name></member>
  </compound>
  <compound refid="dir_68267d1309a1af8e8297ef4c3efbcdba" kind="dir"><name>src</name>
  </compound>
</doxygenindex>
