<?xml version='1.0' encoding='UTF-8' standalone='no'?>
<doxygen xmlns:xsi="http://www.w3.org/2001/XMLSchema-instance" xsi:noNamespaceSchemaLocation="compound.xsd" version="1.11.0" xml:lang="en-US">
  <compounddef id="num__conversion_8c" kind="file" language="C++">
    <compoundname>num_conversion.c</compoundname>
    <sectiondef kind="var">
      <memberdef kind="variable" id="num__conversion_8c_1a96c77f9f3a7baec84b9b8add26a31787" prot="public" static="no" mutable="no">
        <type>int</type>
        <definition>int var</definition>
        <argsstring></argsstring>
        <name>var</name>
        <initializer>= 0</initializer>
        <briefdescription>
        </briefdescription>
        <detaileddescription>
        </detaileddescription>
        <inbodydescription>
        </inbodydescription>
        <location file="src/num_conversion.c" line="8" column="5" bodyfile="src/num_conversion.c" bodystart="8" bodyend="-1"/>
        <referencedby refid="num__conversion_8c_1ae1b37c26bb8e5744f5747d6cd6505356" compoundref="num__conversion_8c" startline="42" endline="48">factorial</referencedby>
        <referencedby refid="num__conversion_8c_1a90cc493d0a2d314a6dab34b1291719b0" compoundref="num__conversion_8c" startline="16" endline="39">process_array</referencedby>
      </memberdef>
      <memberdef kind="variable" id="num__conversion_8c_1a9211899aa9882cc0ed5fe7926921a294" prot="public" static="no" mutable="no">
        <type>int</type>
        <definition>int global_var</definition>
        <argsstring></argsstring>
        <name>global_var</name>
        <initializer>= 0</initializer>
        <briefdescription>
        </briefdescription>
        <detaileddescription>
        </detaileddescription>
        <inbodydescription>
        </inbodydescription>
        <location file="src/num_conversion.c" line="9" column="5" bodyfile="src/num_conversion.c" bodystart="9" bodyend="-1"/>
        <referencedby refid="num__conversion_8c_1ae1b37c26bb8e5744f5747d6cd6505356" compoundref="num__conversion_8c" startline="42" endline="48">factorial</referencedby>
        <referencedby refid="num__conversion_8c_1a9dbc4d0e3c5e97b137283f4a8803facd" compoundref="num__conversion_8c" startline="51" endline="55">fibonacci</referencedby>
        <referencedby refid="num__conversion_8c_1a90cc493d0a2d314a6dab34b1291719b0" compoundref="num__conversion_8c" startline="16" endline="39">process_array</referencedby>
      </memberdef>
    </sectiondef>
    <sectiondef kind="func">
      <memberdef kind="function" id="num__conversion_8c_1a90cc493d0a2d314a6dab34b1291719b0" prot="public" static="no" const="no" explicit="no" inline="no" virt="non-virtual">
        <type>void</type>
        <definition>void process_array</definition>
        <argsstring>(int *arr, int size)</argsstring>
        <name>process_array</name>
        <param>
          <type>int *</type>
          <declname>arr</declname>
        </param>
        <param>
          <type>int</type>
          <declname>size</declname>
        </param>
        <briefdescription>
        </briefdescription>
        <detaileddescription>
        </detaileddescription>
        <inbodydescription>
        </inbodydescription>
        <location file="src/num_conversion.c" line="16" column="6" bodyfile="src/num_conversion.c" bodystart="16" bodyend="39" declfile="src/num_conversion.c" declline="3" declcolumn="6"/>
        <references refid="num__conversion_8c_1ae1b37c26bb8e5744f5747d6cd6505356" compoundref="num__conversion_8c" startline="42" endline="48">factorial</references>
        <references refid="num__conversion_8c_1a9dbc4d0e3c5e97b137283f4a8803facd" compoundref="num__conversion_8c" startline="51" endline="55">fibonacci</references>
        <references refid="num__conversion_8c_1a9211899aa9882cc0ed5fe7926921a294" compoundref="num__conversion_8c" startline="9">global_var</references>
        <references refid="num__conversion_8c_1a90cc493d0a2d314a6dab34b1291719b0" compoundref="num__conversion_8c" startline="16" endline="39">process_array</references>
        <references refid="num__conversion_8c_1ac0c1c8b3324f8321a3972e0b0b95d4bf" compoundref="num__conversion_8c" startline="58" endline="68">reverse_string</references>
        <references refid="num__conversion_8c_1a96c77f9f3a7baec84b9b8add26a31787" compoundref="num__conversion_8c" startline="8">var</references>
        <referencedby refid="num__conversion_8c_1a75da7debf2c800c1a5f8fc4d0d11fc1b" compoundref="num__conversion_8c" startline="71" endline="90">perform_calculations</referencedby>
        <referencedby refid="num__conversion_8c_1a90cc493d0a2d314a6dab34b1291719b0" compoundref="num__conversion_8c" startline="16" endline="39">process_array</referencedby>
      </memberdef>
      <memberdef kind="function" id="num__conversion_8c_1ae1b37c26bb8e5744f5747d6cd6505356" prot="public" static="no" const="no" explicit="no" inline="no" virt="non-virtual">
        <type>int</type>
        <definition>int factorial</definition>
        <argsstring>(int n)</argsstring>
        <name>factorial</name>
        <param>
          <type>int</type>
          <declname>n</declname>
        </param>
        <briefdescription>
        </briefdescription>
        <detaileddescription>
        </detaileddescription>
        <inbodydescription>
        </inbodydescription>
        <location file="src/num_conversion.c" line="42" column="5" bodyfile="src/num_conversion.c" bodystart="42" bodyend="48" declfile="src/num_conversion.c" declline="4" declcolumn="5"/>
        <references refid="num__conversion_8c_1ae1b37c26bb8e5744f5747d6cd6505356" compoundref="num__conversion_8c" startline="42" endline="48">factorial</references>
        <references refid="num__conversion_8c_1a9211899aa9882cc0ed5fe7926921a294" compoundref="num__conversion_8c" startline="9">global_var</references>
        <references refid="num__conversion_8c_1a96c77f9f3a7baec84b9b8add26a31787" compoundref="num__conversion_8c" startline="8">var</references>
        <referencedby refid="num__conversion_8c_1ae1b37c26bb8e5744f5747d6cd6505356" compoundref="num__conversion_8c" startline="42" endline="48">factorial</referencedby>
        <referencedby refid="num__conversion_8c_1a75da7debf2c800c1a5f8fc4d0d11fc1b" compoundref="num__conversion_8c" startline="71" endline="90">perform_calculations</referencedby>
        <referencedby refid="num__conversion_8c_1a90cc493d0a2d314a6dab34b1291719b0" compoundref="num__conversion_8c" startline="16" endline="39">process_array</referencedby>
      </memberdef>
      <memberdef kind="function" id="num__conversion_8c_1a9dbc4d0e3c5e97b137283f4a8803facd" prot="public" static="no" const="no" explicit="no" inline="no" virt="non-virtual">
        <type>int</type>
        <definition>int fibonacci</definition>
        <argsstring>(int n)</argsstring>
        <name>fibonacci</name>
        <param>
          <type>int</type>
          <declname>n</declname>
        </param>
        <briefdescription>
        </briefdescription>
        <detaileddescription>
        </detaileddescription>
        <inbodydescription>
        </inbodydescription>
        <location file="src/num_conversion.c" line="51" column="5" bodyfile="src/num_conversion.c" bodystart="51" bodyend="55" declfile="src/num_conversion.c" declline="5" declcolumn="5"/>
        <references refid="num__conversion_8c_1a9dbc4d0e3c5e97b137283f4a8803facd" compoundref="num__conversion_8c" startline="51" endline="55">fibonacci</references>
        <references refid="num__conversion_8c_1a9211899aa9882cc0ed5fe7926921a294" compoundref="num__conversion_8c" startline="9">global_var</references>
        <referencedby refid="num__conversion_8c_1a9dbc4d0e3c5e97b137283f4a8803facd" compoundref="num__conversion_8c" startline="51" endline="55">fibonacci</referencedby>
        <referencedby refid="num__conversion_8c_1a75da7debf2c800c1a5f8fc4d0d11fc1b" compoundref="num__conversion_8c" startline="71" endline="90">perform_calculations</referencedby>
        <referencedby refid="num__conversion_8c_1a90cc493d0a2d314a6dab34b1291719b0" compoundref="num__conversion_8c" startline="16" endline="39">process_array</referencedby>
      </memberdef>
      <memberdef kind="function" id="num__conversion_8c_1ac0c1c8b3324f8321a3972e0b0b95d4bf" prot="public" static="no" const="no" explicit="no" inline="no" virt="non-virtual">
        <type>void</type>
        <definition>void reverse_string</definition>
        <argsstring>(char *str)</argsstring>
        <name>reverse_string</name>
        <param>
          <type>char *</type>
          <declname>str</declname>
        </param>
        <briefdescription>
        </briefdescription>
        <detaileddescription>
        </detaileddescription>
        <inbodydescription>
        </inbodydescription>
        <location file="src/num_conversion.c" line="58" column="6" bodyfile="src/num_conversion.c" bodystart="58" bodyend="68" declfile="src/num_conversion.c" declline="6" declcolumn="6"/>
        <referencedby refid="num__conversion_8c_1a75da7debf2c800c1a5f8fc4d0d11fc1b" compoundref="num__conversion_8c" startline="71" endline="90">perform_calculations</referencedby>
        <referencedby refid="num__conversion_8c_1a90cc493d0a2d314a6dab34b1291719b0" compoundref="num__conversion_8c" startline="16" endline="39">process_array</referencedby>
      </memberdef>
      <memberdef kind="function" id="num__conversion_8c_1a75da7debf2c800c1a5f8fc4d0d11fc1b" prot="public" static="no" const="no" explicit="no" inline="no" virt="non-virtual">
        <type>void</type>
        <definition>void perform_calculations</definition>
        <argsstring>()</argsstring>
        <name>perform_calculations</name>
        <briefdescription>
        </briefdescription>
        <detaileddescription>
        </detaileddescription>
        <inbodydescription>
        </inbodydescription>
        <location file="src/num_conversion.c" line="71" column="6" bodyfile="src/num_conversion.c" bodystart="71" bodyend="90" declfile="src/num_conversion.c" declline="7" declcolumn="6"/>
        <references refid="num__conversion_8c_1ae1b37c26bb8e5744f5747d6cd6505356" compoundref="num__conversion_8c" startline="42" endline="48">factorial</references>
        <references refid="num__conversion_8c_1a9dbc4d0e3c5e97b137283f4a8803facd" compoundref="num__conversion_8c" startline="51" endline="55">fibonacci</references>
        <references refid="num__conversion_8c_1a90cc493d0a2d314a6dab34b1291719b0" compoundref="num__conversion_8c" startline="16" endline="39">process_array</references>
        <references refid="num__conversion_8c_1ac0c1c8b3324f8321a3972e0b0b95d4bf" compoundref="num__conversion_8c" startline="58" endline="68">reverse_string</references>
        <referencedby refid="num__conversion_8c_1ae66f6b31b5ad750f1fe042a706a4e3d4" compoundref="num__conversion_8c" startline="10" endline="13">main</referencedby>
      </memberdef>
      <memberdef kind="function" id="num__conversion_8c_1ae66f6b31b5ad750f1fe042a706a4e3d4" prot="public" static="no" const="no" explicit="no" inline="no" virt="non-virtual">
        <type>int</type>
        <definition>int main</definition>
        <argsstring>()</argsstring>
        <name>main</name>
        <briefdescription>
        </briefdescription>
        <detaileddescription>
        </detaileddescription>
        <inbodydescription>
        </inbodydescription>
        <location file="src/num_conversion.c" line="10" column="5" bodyfile="src/num_conversion.c" bodystart="10" bodyend="13"/>
        <references refid="num__conversion_8c_1a75da7debf2c800c1a5f8fc4d0d11fc1b" compoundref="num__conversion_8c" startline="71" endline="90">perform_calculations</references>
      </memberdef>
    </sectiondef>
    <briefdescription>
    </briefdescription>
    <detaileddescription>
    </detaileddescription>
    <programlisting>
<codeline lineno="1"><highlight class="normal"></highlight></codeline>
<codeline lineno="2"><highlight class="normal"></highlight><highlight class="comment">//<sp/>Function<sp/>prototypes</highlight><highlight class="normal"></highlight></codeline>
<codeline lineno="3"><highlight class="normal"></highlight><highlight class="keywordtype">void</highlight><highlight class="normal"><sp/><ref refid="num__conversion_8c_1a90cc493d0a2d314a6dab34b1291719b0" kindref="member">process_array</ref>(</highlight><highlight class="keywordtype">int</highlight><highlight class="normal"><sp/>*arr,<sp/></highlight><highlight class="keywordtype">int</highlight><highlight class="normal"><sp/>size);</highlight></codeline>
<codeline lineno="4"><highlight class="normal"></highlight><highlight class="keywordtype">int</highlight><highlight class="normal"><sp/><ref refid="num__conversion_8c_1ae1b37c26bb8e5744f5747d6cd6505356" kindref="member">factorial</ref>(</highlight><highlight class="keywordtype">int</highlight><highlight class="normal"><sp/>n);</highlight></codeline>
<codeline lineno="5"><highlight class="normal"></highlight><highlight class="keywordtype">int</highlight><highlight class="normal"><sp/><ref refid="num__conversion_8c_1a9dbc4d0e3c5e97b137283f4a8803facd" kindref="member">fibonacci</ref>(</highlight><highlight class="keywordtype">int</highlight><highlight class="normal"><sp/>n);</highlight></codeline>
<codeline lineno="6"><highlight class="normal"></highlight><highlight class="keywordtype">void</highlight><highlight class="normal"><sp/><ref refid="num__conversion_8c_1ac0c1c8b3324f8321a3972e0b0b95d4bf" kindref="member">reverse_string</ref>(</highlight><highlight class="keywordtype">char</highlight><highlight class="normal"><sp/>*str);</highlight></codeline>
<codeline lineno="7"><highlight class="normal"></highlight><highlight class="keywordtype">void</highlight><highlight class="normal"><sp/><ref refid="num__conversion_8c_1a75da7debf2c800c1a5f8fc4d0d11fc1b" kindref="member">perform_calculations</ref>();</highlight></codeline>
<codeline lineno="8" refid="num__conversion_8c_1a96c77f9f3a7baec84b9b8add26a31787" refkind="member"><highlight class="normal"></highlight><highlight class="keywordtype">int</highlight><highlight class="normal"><sp/><ref refid="num__conversion_8c_1a96c77f9f3a7baec84b9b8add26a31787" kindref="member">var</ref><sp/>=<sp/>0;</highlight></codeline>
<codeline lineno="9" refid="num__conversion_8c_1a9211899aa9882cc0ed5fe7926921a294" refkind="member"><highlight class="normal"></highlight><highlight class="keywordtype">int</highlight><highlight class="normal"><sp/><ref refid="num__conversion_8c_1a9211899aa9882cc0ed5fe7926921a294" kindref="member">global_var</ref><sp/>=<sp/>0;</highlight></codeline>
<codeline lineno="10" refid="num__conversion_8c_1ae66f6b31b5ad750f1fe042a706a4e3d4" refkind="member"><highlight class="normal"></highlight><highlight class="keywordtype">int</highlight><highlight class="normal"><sp/><ref refid="num__conversion_8c_1ae66f6b31b5ad750f1fe042a706a4e3d4" kindref="member">main</ref>()<sp/>{</highlight></codeline>
<codeline lineno="11"><highlight class="normal"><sp/><sp/><sp/><sp/><ref refid="num__conversion_8c_1a75da7debf2c800c1a5f8fc4d0d11fc1b" kindref="member">perform_calculations</ref>();</highlight></codeline>
<codeline lineno="12"><highlight class="normal"><sp/><sp/><sp/><sp/></highlight><highlight class="keywordflow">return</highlight><highlight class="normal"><sp/>0;</highlight></codeline>
<codeline lineno="13"><highlight class="normal">}</highlight></codeline>
<codeline lineno="14"><highlight class="normal"></highlight></codeline>
<codeline lineno="15"><highlight class="normal"></highlight><highlight class="comment">//<sp/>Function<sp/>to<sp/>process<sp/>an<sp/>array<sp/>of<sp/>integers</highlight><highlight class="normal"></highlight></codeline>
<codeline lineno="16" refid="num__conversion_8c_1a90cc493d0a2d314a6dab34b1291719b0" refkind="member"><highlight class="normal"></highlight><highlight class="keywordtype">void</highlight><highlight class="normal"><sp/><ref refid="num__conversion_8c_1a90cc493d0a2d314a6dab34b1291719b0" kindref="member">process_array</ref>(</highlight><highlight class="keywordtype">int</highlight><highlight class="normal"><sp/>*arr,<sp/></highlight><highlight class="keywordtype">int</highlight><highlight class="normal"><sp/>size)<sp/>{</highlight></codeline>
<codeline lineno="17"><highlight class="normal"><sp/><sp/><sp/><sp/></highlight><highlight class="comment">//<sp/>Example<sp/>operation:<sp/>sorting<sp/>the<sp/>array</highlight><highlight class="normal"></highlight></codeline>
<codeline lineno="18"><highlight class="normal"><sp/><sp/><sp/><sp/><ref refid="num__conversion_8c_1a96c77f9f3a7baec84b9b8add26a31787" kindref="member">var</ref>++;</highlight></codeline>
<codeline lineno="19"><highlight class="normal"><sp/><sp/><sp/><sp/><ref refid="num__conversion_8c_1a9211899aa9882cc0ed5fe7926921a294" kindref="member">global_var</ref><sp/>=1;</highlight></codeline>
<codeline lineno="20"><highlight class="normal"><sp/><sp/><sp/><sp/></highlight><highlight class="keywordflow">for</highlight><highlight class="normal"><sp/>(</highlight><highlight class="keywordtype">int</highlight><highlight class="normal"><sp/>i<sp/>=<sp/>0;<sp/>i<sp/>&lt;<sp/>size<sp/>-<sp/>1;<sp/>i++)<sp/>{</highlight></codeline>
<codeline lineno="21"><highlight class="normal"><sp/><sp/><sp/><sp/><sp/><sp/><sp/><sp/></highlight><highlight class="keywordflow">for</highlight><highlight class="normal"><sp/>(</highlight><highlight class="keywordtype">int</highlight><highlight class="normal"><sp/>j<sp/>=<sp/>0;<sp/>j<sp/>&lt;<sp/>size<sp/>-<sp/>i<sp/>-<sp/>1;<sp/>j++)<sp/>{</highlight></codeline>
<codeline lineno="22"><highlight class="normal"><sp/><sp/><sp/><sp/><sp/><sp/><sp/><sp/><sp/><sp/><sp/><sp/></highlight><highlight class="keywordflow">if</highlight><highlight class="normal"><sp/>(arr[j]<sp/>&gt;<sp/>arr[j<sp/>+<sp/>1])<sp/>{</highlight></codeline>
<codeline lineno="23"><highlight class="normal"><sp/><sp/><sp/><sp/><sp/><sp/><sp/><sp/><sp/><sp/><sp/><sp/><sp/><sp/><sp/><sp/></highlight><highlight class="keywordtype">int</highlight><highlight class="normal"><sp/>temp<sp/>=<sp/>arr[j];</highlight></codeline>
<codeline lineno="24"><highlight class="normal"><sp/><sp/><sp/><sp/><sp/><sp/><sp/><sp/><sp/><sp/><sp/><sp/><sp/><sp/><sp/><sp/>arr[j]<sp/>=<sp/>arr[j<sp/>+<sp/>1];</highlight></codeline>
<codeline lineno="25"><highlight class="normal"><sp/><sp/><sp/><sp/><sp/><sp/><sp/><sp/><sp/><sp/><sp/><sp/><sp/><sp/><sp/><sp/>arr[j<sp/>+<sp/>1]<sp/>=<sp/>temp;</highlight></codeline>
<codeline lineno="26"><highlight class="normal"><sp/><sp/><sp/><sp/><sp/><sp/><sp/><sp/><sp/><sp/><sp/><sp/>}</highlight></codeline>
<codeline lineno="27"><highlight class="normal"><sp/><sp/><sp/><sp/><sp/><sp/><sp/><sp/>}</highlight></codeline>
<codeline lineno="28"><highlight class="normal"><sp/><sp/><sp/><sp/>}</highlight></codeline>
<codeline lineno="29"><highlight class="normal"></highlight></codeline>
<codeline lineno="30"><highlight class="normal"><sp/><sp/><sp/><sp/></highlight><highlight class="keywordtype">int</highlight><highlight class="normal"><sp/>fact<sp/>=<sp/><ref refid="num__conversion_8c_1ae1b37c26bb8e5744f5747d6cd6505356" kindref="member">factorial</ref>(arr[0]);</highlight></codeline>
<codeline lineno="31"><highlight class="normal"><sp/><sp/><sp/><sp/></highlight><highlight class="keywordtype">int</highlight><highlight class="normal"><sp/>fib<sp/>=<sp/><ref refid="num__conversion_8c_1a9dbc4d0e3c5e97b137283f4a8803facd" kindref="member">fibonacci</ref>(arr[1]);</highlight></codeline>
<codeline lineno="32"><highlight class="normal"><sp/><sp/><sp/><sp/></highlight></codeline>
<codeline lineno="33"><highlight class="normal"><sp/><sp/><sp/><sp/></highlight><highlight class="keywordtype">char</highlight><highlight class="normal"><sp/>str[]<sp/>=<sp/></highlight><highlight class="stringliteral">&quot;ExampleString&quot;</highlight><highlight class="normal">;</highlight></codeline>
<codeline lineno="34"><highlight class="normal"><sp/><sp/><sp/><sp/><ref refid="num__conversion_8c_1ac0c1c8b3324f8321a3972e0b0b95d4bf" kindref="member">reverse_string</ref>(str);</highlight></codeline>
<codeline lineno="35"><highlight class="normal"></highlight></codeline>
<codeline lineno="36"><highlight class="normal"><sp/><sp/><sp/><sp/></highlight><highlight class="keywordtype">int</highlight><highlight class="normal"><sp/>example_arr[]<sp/>=<sp/>{3,<sp/>1,<sp/>4,<sp/>1,<sp/>5,<sp/>9};</highlight></codeline>
<codeline lineno="37"><highlight class="normal"><sp/><sp/><sp/><sp/></highlight><highlight class="keywordtype">int</highlight><highlight class="normal"><sp/>example_size<sp/>=<sp/></highlight><highlight class="keyword">sizeof</highlight><highlight class="normal">(example_arr)<sp/>/<sp/></highlight><highlight class="keyword">sizeof</highlight><highlight class="normal">(example_arr[0]);</highlight></codeline>
<codeline lineno="38"><highlight class="normal"><sp/><sp/><sp/><sp/><ref refid="num__conversion_8c_1a90cc493d0a2d314a6dab34b1291719b0" kindref="member">process_array</ref>(example_arr,<sp/>example_size);</highlight></codeline>
<codeline lineno="39"><highlight class="normal">}</highlight></codeline>
<codeline lineno="40"><highlight class="normal"></highlight></codeline>
<codeline lineno="41"><highlight class="normal"></highlight><highlight class="comment">//<sp/>Function<sp/>to<sp/>calculate<sp/>factorial</highlight><highlight class="normal"></highlight></codeline>
<codeline lineno="42" refid="num__conversion_8c_1ae1b37c26bb8e5744f5747d6cd6505356" refkind="member"><highlight class="normal"></highlight><highlight class="keywordtype">int</highlight><highlight class="normal"><sp/><ref refid="num__conversion_8c_1ae1b37c26bb8e5744f5747d6cd6505356" kindref="member">factorial</ref>(</highlight><highlight class="keywordtype">int</highlight><highlight class="normal"><sp/>n)<sp/>{</highlight></codeline>
<codeline lineno="43"><highlight class="normal"><sp/><sp/><sp/><sp/><ref refid="num__conversion_8c_1a96c77f9f3a7baec84b9b8add26a31787" kindref="member">var</ref>++;</highlight></codeline>
<codeline lineno="44"><highlight class="normal"><sp/><sp/><sp/><sp/></highlight><highlight class="keywordtype">int</highlight><highlight class="normal"><sp/>read<sp/>=<sp/>0;</highlight></codeline>
<codeline lineno="45"><highlight class="normal"><sp/><sp/><sp/><sp/>read<sp/>=<sp/><ref refid="num__conversion_8c_1a9211899aa9882cc0ed5fe7926921a294" kindref="member">global_var</ref>;</highlight></codeline>
<codeline lineno="46"><highlight class="normal"><sp/><sp/><sp/><sp/></highlight><highlight class="keywordflow">if</highlight><highlight class="normal"><sp/>(n<sp/>&lt;=<sp/>1)<sp/></highlight><highlight class="keywordflow">return</highlight><highlight class="normal"><sp/>1;</highlight></codeline>
<codeline lineno="47"><highlight class="normal"><sp/><sp/><sp/><sp/></highlight><highlight class="keywordflow">return</highlight><highlight class="normal"><sp/>n<sp/>*<sp/><ref refid="num__conversion_8c_1ae1b37c26bb8e5744f5747d6cd6505356" kindref="member">factorial</ref>(n<sp/>-<sp/>1);</highlight></codeline>
<codeline lineno="48"><highlight class="normal">}</highlight></codeline>
<codeline lineno="49"><highlight class="normal"></highlight></codeline>
<codeline lineno="50"><highlight class="normal"></highlight><highlight class="comment">//<sp/>Function<sp/>to<sp/>calculate<sp/>Fibonacci<sp/>number</highlight><highlight class="normal"></highlight></codeline>
<codeline lineno="51" refid="num__conversion_8c_1a9dbc4d0e3c5e97b137283f4a8803facd" refkind="member"><highlight class="normal"></highlight><highlight class="keywordtype">int</highlight><highlight class="normal"><sp/><ref refid="num__conversion_8c_1a9dbc4d0e3c5e97b137283f4a8803facd" kindref="member">fibonacci</ref>(</highlight><highlight class="keywordtype">int</highlight><highlight class="normal"><sp/>n)<sp/>{</highlight></codeline>
<codeline lineno="52"><highlight class="normal"><sp/><sp/><sp/><sp/><ref refid="num__conversion_8c_1a9211899aa9882cc0ed5fe7926921a294" kindref="member">global_var</ref><sp/>=<sp/>100;</highlight></codeline>
<codeline lineno="53"><highlight class="normal"><sp/><sp/><sp/><sp/></highlight><highlight class="keywordflow">if</highlight><highlight class="normal"><sp/>(n<sp/>&lt;=<sp/>1)<sp/></highlight><highlight class="keywordflow">return</highlight><highlight class="normal"><sp/>n;</highlight></codeline>
<codeline lineno="54"><highlight class="normal"><sp/><sp/><sp/><sp/></highlight><highlight class="keywordflow">return</highlight><highlight class="normal"><sp/><ref refid="num__conversion_8c_1a9dbc4d0e3c5e97b137283f4a8803facd" kindref="member">fibonacci</ref>(n<sp/>-<sp/>1)<sp/>+<sp/><ref refid="num__conversion_8c_1a9dbc4d0e3c5e97b137283f4a8803facd" kindref="member">fibonacci</ref>(n<sp/>-<sp/>2);</highlight></codeline>
<codeline lineno="55"><highlight class="normal">}</highlight></codeline>
<codeline lineno="56"><highlight class="normal"></highlight></codeline>
<codeline lineno="57"><highlight class="normal"></highlight><highlight class="comment">//<sp/>Function<sp/>to<sp/>reverse<sp/>a<sp/>string</highlight><highlight class="normal"></highlight></codeline>
<codeline lineno="58" refid="num__conversion_8c_1ac0c1c8b3324f8321a3972e0b0b95d4bf" refkind="member"><highlight class="normal"></highlight><highlight class="keywordtype">void</highlight><highlight class="normal"><sp/><ref refid="num__conversion_8c_1ac0c1c8b3324f8321a3972e0b0b95d4bf" kindref="member">reverse_string</ref>(</highlight><highlight class="keywordtype">char</highlight><highlight class="normal"><sp/>*str)<sp/>{</highlight></codeline>
<codeline lineno="59"><highlight class="normal"><sp/><sp/><sp/><sp/></highlight><highlight class="keywordtype">int</highlight><highlight class="normal"><sp/>length<sp/>=<sp/>0;</highlight></codeline>
<codeline lineno="60"><highlight class="normal"><sp/><sp/><sp/><sp/></highlight><highlight class="keywordflow">while</highlight><highlight class="normal"><sp/>(str[length]<sp/>!=<sp/></highlight><highlight class="charliteral">&apos;\0&apos;</highlight><highlight class="normal">)<sp/>{</highlight></codeline>
<codeline lineno="61"><highlight class="normal"><sp/><sp/><sp/><sp/><sp/><sp/><sp/><sp/>length++;</highlight></codeline>
<codeline lineno="62"><highlight class="normal"><sp/><sp/><sp/><sp/>}</highlight></codeline>
<codeline lineno="63"><highlight class="normal"><sp/><sp/><sp/><sp/></highlight><highlight class="keywordflow">for</highlight><highlight class="normal"><sp/>(</highlight><highlight class="keywordtype">int</highlight><highlight class="normal"><sp/>i<sp/>=<sp/>0;<sp/>i<sp/>&lt;<sp/>length<sp/>/<sp/>2;<sp/>i++)<sp/>{</highlight></codeline>
<codeline lineno="64"><highlight class="normal"><sp/><sp/><sp/><sp/><sp/><sp/><sp/><sp/></highlight><highlight class="keywordtype">char</highlight><highlight class="normal"><sp/>temp<sp/>=<sp/>str[i];</highlight></codeline>
<codeline lineno="65"><highlight class="normal"><sp/><sp/><sp/><sp/><sp/><sp/><sp/><sp/>str[i]<sp/>=<sp/>str[length<sp/>-<sp/>i<sp/>-<sp/>1];</highlight></codeline>
<codeline lineno="66"><highlight class="normal"><sp/><sp/><sp/><sp/><sp/><sp/><sp/><sp/>str[length<sp/>-<sp/>i<sp/>-<sp/>1]<sp/>=<sp/>temp;</highlight></codeline>
<codeline lineno="67"><highlight class="normal"><sp/><sp/><sp/><sp/>}</highlight></codeline>
<codeline lineno="68"><highlight class="normal">}</highlight></codeline>
<codeline lineno="69"><highlight class="normal"></highlight></codeline>
<codeline lineno="70"><highlight class="normal"></highlight><highlight class="comment">//<sp/>Function<sp/>to<sp/>perform<sp/>calculations<sp/>and<sp/>operations</highlight><highlight class="normal"></highlight></codeline>
<codeline lineno="71" refid="num__conversion_8c_1a75da7debf2c800c1a5f8fc4d0d11fc1b" refkind="member"><highlight class="normal"></highlight><highlight class="keywordtype">void</highlight><highlight class="normal"><sp/><ref refid="num__conversion_8c_1a75da7debf2c800c1a5f8fc4d0d11fc1b" kindref="member">perform_calculations</ref>()<sp/>{</highlight></codeline>
<codeline lineno="72"><highlight class="normal"><sp/><sp/><sp/><sp/></highlight><highlight class="comment">//<sp/>Hard-coded<sp/>arrays<sp/>and<sp/>strings</highlight><highlight class="normal"></highlight></codeline>
<codeline lineno="73"><highlight class="normal"><sp/><sp/><sp/><sp/></highlight><highlight class="keywordtype">int</highlight><highlight class="normal"><sp/>array1[]<sp/>=<sp/>{5,<sp/>8,<sp/>2,<sp/>7,<sp/>1};</highlight></codeline>
<codeline lineno="74"><highlight class="normal"><sp/><sp/><sp/><sp/></highlight><highlight class="keywordtype">int</highlight><highlight class="normal"><sp/>size1<sp/>=<sp/></highlight><highlight class="keyword">sizeof</highlight><highlight class="normal">(array1)<sp/>/<sp/></highlight><highlight class="keyword">sizeof</highlight><highlight class="normal">(array1[0]);</highlight></codeline>
<codeline lineno="75"><highlight class="normal"><sp/><sp/><sp/><sp/><ref refid="num__conversion_8c_1a90cc493d0a2d314a6dab34b1291719b0" kindref="member">process_array</ref>(array1,<sp/>size1);</highlight></codeline>
<codeline lineno="76"><highlight class="normal"><sp/><sp/><sp/><sp/></highlight><highlight class="comment">//<sp/>printf(array1[1]);</highlight><highlight class="normal"></highlight></codeline>
<codeline lineno="77"><highlight class="normal"></highlight></codeline>
<codeline lineno="78"><highlight class="normal"><sp/><sp/><sp/><sp/></highlight><highlight class="keywordtype">int</highlight><highlight class="normal"><sp/>array2[]<sp/>=<sp/>{12,<sp/>15,<sp/>7};</highlight></codeline>
<codeline lineno="79"><highlight class="normal"><sp/><sp/><sp/><sp/></highlight><highlight class="keywordtype">int</highlight><highlight class="normal"><sp/>size2<sp/>=<sp/></highlight><highlight class="keyword">sizeof</highlight><highlight class="normal">(array2)<sp/>/<sp/></highlight><highlight class="keyword">sizeof</highlight><highlight class="normal">(array2[0]);</highlight></codeline>
<codeline lineno="80"><highlight class="normal"><sp/><sp/><sp/><sp/><ref refid="num__conversion_8c_1a90cc493d0a2d314a6dab34b1291719b0" kindref="member">process_array</ref>(array2,<sp/>size2);</highlight></codeline>
<codeline lineno="81"><highlight class="normal"></highlight></codeline>
<codeline lineno="82"><highlight class="normal"><sp/><sp/><sp/><sp/></highlight><highlight class="keywordtype">char</highlight><highlight class="normal"><sp/>test_str[]<sp/>=<sp/></highlight><highlight class="stringliteral">&quot;HardcodedString&quot;</highlight><highlight class="normal">;</highlight></codeline>
<codeline lineno="83"><highlight class="normal"><sp/><sp/><sp/><sp/><ref refid="num__conversion_8c_1ac0c1c8b3324f8321a3972e0b0b95d4bf" kindref="member">reverse_string</ref>(test_str);</highlight></codeline>
<codeline lineno="84"><highlight class="normal"></highlight></codeline>
<codeline lineno="85"><highlight class="normal"><sp/><sp/><sp/><sp/></highlight><highlight class="keywordtype">int</highlight><highlight class="normal"><sp/>fact<sp/>=<sp/><ref refid="num__conversion_8c_1ae1b37c26bb8e5744f5747d6cd6505356" kindref="member">factorial</ref>(6);</highlight></codeline>
<codeline lineno="86"><highlight class="normal"><sp/><sp/><sp/><sp/></highlight><highlight class="keywordtype">int</highlight><highlight class="normal"><sp/>fib<sp/>=<sp/><ref refid="num__conversion_8c_1a9dbc4d0e3c5e97b137283f4a8803facd" kindref="member">fibonacci</ref>(5);</highlight></codeline>
<codeline lineno="87"><highlight class="normal"></highlight></codeline>
<codeline lineno="88"><highlight class="normal"><sp/><sp/><sp/><sp/></highlight><highlight class="comment">//<sp/>The<sp/>results<sp/>of<sp/>these<sp/>operations<sp/>are<sp/>not<sp/>output,<sp/>but<sp/>you<sp/>can<sp/>use</highlight><highlight class="normal"></highlight></codeline>
<codeline lineno="89"><highlight class="normal"><sp/><sp/><sp/><sp/></highlight><highlight class="comment">//<sp/>them<sp/>in<sp/>further<sp/>processing<sp/>or<sp/>logic<sp/>if<sp/>needed.</highlight><highlight class="normal"></highlight></codeline>
<codeline lineno="90"><highlight class="normal">}</highlight></codeline>
    </programlisting>
    <location file="src/num_conversion.c"/>
  </compounddef>
</doxygen>
